,precision,recall,f1-score,support
Heterotheca,0.9971570717839374,0.9743055555555555,0.9855988760098349,1440.0
Outgroup,0.9748641304347826,0.9965277777777778,0.9855769230769231,1440.0
Soil,0.9993060374739764,1.0,0.9996528982992017,1440.0
accuracy,,,0.9902777777777778,4320.0
macro avg,0.9904424132308988,0.9902777777777777,0.9902762324619866,4320.0
weighted avg,0.990442413230899,0.9902777777777778,0.9902762324619866,4320.0
jaccard,0.9716,0.9716,0.9993,
OvR_AUC,0.999,0.999,1.0,
