,precision,recall,f1-score,support
Other,0.7346938775510204,0.75,0.7422680412371135,48.0
Heterotheca,0.7446808510638298,0.7291666666666666,0.7368421052631579,48.0
accuracy,,,0.7395833333333334,96.0
macro avg,0.7396873643074251,0.7395833333333333,0.7395550732501357,96.0
weighted avg,0.7396873643074251,0.7395833333333334,0.7395550732501356,96.0
jaccard,,0.5902,0.5833,
OvR_AUC,,,0.7969,
